name,lat,lon,x_m,y_m,type,confidence,coordinate_basis,source_url,official_geometry_url
Fugaku Wind Cave,35.477444,138.657361,14279.836,-57962.587,cave / route control,B+,geotagged/open-map cross-check; validate against GSI before final lock,https://commons.wikimedia.org/wiki/Category:Fugaku_Wind_Cave,https://www.pref.yamanashi.jp/bunka/bunkazaihogo/bunkazai_data/yamanashinobunkazai_nb0014.html
Narusawa Ice Cave,35.474778,138.666528,15112.201,-58256.984,cave / route control,B+,geotagged/open-map cross-check; validate against GSI before final lock,https://commons.wikimedia.org/wiki/Category:Narusawa_Ice_Cave,https://www.pref.yamanashi.jp/bunka/bunkazaihogo/bunkazai_data/yamanashinobunkazai_nb0014.html
Lake Saiko Bat Cave,35.493111,138.672861,15683.352,-56222.16,cave / route control,B+,geotagged/open-map cross-check; validate against GSI before final lock,https://commons.wikimedia.org/wiki/Category:Lake_Saiko_Bat_Cave,https://www.pref.yamanashi.jp/bunka/bunkazaihogo/bunkazai_data/yamanashinobunkazai_nb0014.html
Ryugu Cave,35.48509,138.66813,15255.632,-57112.74,cave / route control,B,OSM/secondary map cross-check; source spread is tens of metres,https://www.openstreetmap.org/search?query=Ryugu%20Cave%20Yamanashi,https://www.yamanashi-kankou.jp/kankou/spot/p1_4357.html
Sankodai,35.48792,138.68247,16556.224,-56796.473,panorama / camera validation,B,secondary map cross-check; validate exact camera stations in field/GPX,https://www.openstreetmap.org/search?query=Sankodai%20Yamanashi,
Koyodai ridge / viewpoint,35.48426,138.67956,16292.926,-57202.992,panorama / camera validation,B,secondary map cross-check; several nearby named viewpoint points exist,https://www.openstreetmap.org/search?query=Koyodai%20Yamanashi,https://www.yamanashi-kankou.jp/kankou/spot/kouyo_dai.html
Omuro Cave,35.44784,138.66147,14658.08,-61246.197,protected cave control,B,secondary geographic gazetteer cross-check; validate against official schematic/GSI,https://www.openstreetmap.org/search?query=Omuro%20Cave%20Yamanashi,https://www.pref.yamanashi.jp/documents/97765/guidelineryakuzu.pdf
Jinza Wind Cave,35.44072,138.66047,,,protected cave control,B-,OpenStreetMap-derived secondary coordinate surfaced via Mapcarta; must validate against GSI/official map before final lock,https://mapcarta.com/N5661119022,https://www.pref.yamanashi.jp/bunka/bunkazaihogo/bunkazai_data/yamanashinobunkazai_nb0010.html
Motosu Wind Cave,35.4467,138.65052,,,protected cave control,B-,OpenStreetMap-derived secondary coordinate surfaced via Mapcarta; must validate against GSI/official map before final lock,https://mapcarta.com/N6575600100,https://www.pref.yamanashi.jp/bunka/bunkazaihogo/bunkazai_data/yamanashinobunkazai_nb0013.html
