layer_id,provider,title,period,tile_url,zoom,status,use,confidence,notes
IMG001,GSI,Nationwide latest seamless aerial photography,latest available by locality,https://cyberjapandata.gsi.go.jp/xyz/seamlessphoto/{z}/{x}/{y}.jpg,14-18,live service; local capture date must be checked,"Current canopy, roads, clearings, forest edge and infrastructure; primary visual-change baseline.",A for service / local vintage variable,Composite from multiple GSI/public aerial sources; not a single acquisition date.
IMG002,GSI,Electronic National Land Basic Map orthophoto,2007+,https://cyberjapandata.gsi.go.jp/xyz/ort/{z}/{x}/{y}.jpg,14-18,live service; coverage varies,Orthorectified post-2007 comparison and geometry check.,A for service / coverage variable,Use capture metadata where exact year matters.
IMG003,GSI,Annual aerial photography,2007+ by year,https://cyberjapandata.gsi.go.jp/xyz/nendophoto{year}/{z}/{x}/{y}.png,14-18,template service; availability varies by year and location,Time-slice canopy/road/clearing change detection.,A for service / year coverage variable,Replace {year} with four-digit year; do not assume a given year exists over every cell.
IMG004,GSI,1987-1990 aerial photography,1987-1990,https://cyberjapandata.gsi.go.jp/xyz/gazo4/{z}/{x}/{y}.jpg,10-17,live historical service; local coverage must be checked,Late-20th-century canopy and development baseline.,A for service / local coverage unverified,National Land Image Information.
IMG005,GSI,1984-1986 aerial photography,1984-1986,https://cyberjapandata.gsi.go.jp/xyz/gazo3/{z}/{x}/{y}.jpg,10-17,live historical service; local coverage must be checked,Temporal canopy/infrastructure comparison.,A for service / local coverage unverified,National Land Image Information.
IMG006,GSI,1979-1983 aerial photography,1979-1983,https://cyberjapandata.gsi.go.jp/xyz/gazo2/{z}/{x}/{y}.jpg,10-17,live historical service; local coverage must be checked,Temporal canopy/infrastructure comparison.,A for service / local coverage unverified,National Land Image Information.
IMG007,GSI,1974-1978 aerial photography,1974-1978,https://cyberjapandata.gsi.go.jp/xyz/gazo1/{z}/{x}/{y}.jpg,10-17,live historical service; local coverage must be checked,Earliest broad colour-era baseline commonly useful for forest-edge comparison.,A for service / local coverage unverified,National Land Image Information.
IMG008,GSI,1961-1969 aerial photography,1961-1969,https://cyberjapandata.gsi.go.jp/xyz/ort_old10/{z}/{x}/{y}.png,10-17,live historical service; local coverage must be checked,Older forest/road baseline and human-change detection.,A for service / local coverage unverified,Useful where coverage exists; do not infer absence from blank tiles without checking source catalogue.
IMG009,GSI,Single-photo metadata index,multiple eras,https://cyberjapandata.gsi.go.jp/xyz/pp/{z}/{x}/{y}.geojson,14,metadata service,"Locate individual aerial frames with acquisition date, scale, altitude and agency.",A,Best route to identify the exact underlying photo when mosaic vintage is ambiguous.
