edge_id,from_node,to_node,route_name,route_type,geometry_status,access_status,confidence,source,notes
E001,Shoji / Akaike trailhead,Mt Omuro sector,Shoji-guchi trail,historic/current trail,officially described; exact GIS polyline not yet ingested,public trail segments; follow current signage/rules,A topology / B continuity,Yamanashi 2026 pilgrimage report; eco-tour schematic,"Report: starts at Akaike on south Lake Shoji; broad, prepared route through forest."
E002,Mt Omuro sector,upper Fuji flank / Komitake,Shoji-guchi trail,historic/current trail,officially described; exact GIS polyline not yet ingested,route continues beyond core forest; conditions vary,A topology,Yamanashi 2026 pilgrimage report,Whole route >17 km and ~1400 m climb from Shoji to Komitake.
E003,Shoji-guchi trail,Narusawa direction,Narusawa-michi,historic cross-route,crossing explicitly described; precise polyline not yet ingested,historic route; do not assume present public access for every segment,A topology / C geometry,Yamanashi 2026 pilgrimage report,Historically part of Uchi-Hakkai pilgrimage circulation.
E004,Fugaku Wind Cave,Narusawa Ice Cave,public cave corridor,public trail/roadside corridor,strong modern continuity evidence; exact public polyline still to ingest,public,A/B+,Yamanashi walking map + recent YAMAP model course,Best-documented corridor; suitable early build/validation sector.
E005,Lake Saiko Bat Cave,Wild Bird Forest / Saiko trail network,Saiko public trail network,public trail,official visitor-map topology; exact vector pending,public,A topology / B geometry,Yamanashi walking map + eco-tour schematic,Use current official signs and closures at implementation time.
E006,Wild Bird Forest / Saiko trail network,Ryugu Cave vicinity,Saiko–Ryugu connection,public trail/local road network,official visitor-map topology; exact vector pending,public approaches only; cave access rules apply,A topology / B geometry,Yamanashi walking map,Important for lake-edge-to-forest transition.
E007,Mt Omuro sector,Fuji Wind Cave / beech-square sector,former haul-road network,former haul road,schematic only,guide rules apply; not a blanket public-access statement,A topology / C geometry,Yamanashi eco-tour schematic,Do not trace schematic lines as surveyed road centerlines.
E008,Mt Omuro sector,Jinza / Kamaboko / Megane cave cluster,upper cave-cluster former haul roads,former haul road / protected cave access,schematic only,Jinza Cave 1 and other protected caves have restrictions; some entry prohibited,A topology / C geometry,Yamanashi eco-tour schematic + cultural-property records,Geometry and access must remain separate data fields.
E009,Motosu side,Mt Omuro / central forest,Motosu forest-road relationships,forest road,schematic whole-area relationship,variable; validate by current official source,B topology / C geometry,Yamanashi eco-tour schematic,Use GSI/official road vector before build lock.
